task,split,key,family,source_kind,source_label,source_class,native_direction,training_direction,mirrored,boundary_status,native_left_cache,native_left_cache_sha256,annotation_key,source_start_s,source_end_s,real_frames,pad_frames,quantity,quantity_unit,babel_file,babel_sid,seg_id,original_event_label_json,motion_source,task_review_status,sample_manual_verified,cache_sha256,cache,raw_path,source_manifest_sha256
sidestep,train,sidestep_HDM_bk_01-01_01_120_poses_672_698_right,MPI_HDM05/bk/HDM_bk_01-01_01_120_poses,hdm05_walkLeft_script_supplement_mirrored,side step to the right without crossing the feet,walkLeft,left,right,True,supplemented_from_motion_and_script_not_official_cut_mapping,/mnt/sda2/frankenmotion/outputs_amass/source_repair_sidestep_20261010_v2/native_left_cache/train_sidestep_HDM_bk_01-01_01_120_poses_672_698_left.npz,653745d27f5bcc4b807fe1ae0f3746501655f889c20fc0678424ca222cf0aa99,sidestep_HDM_bk_01-01_01_120_poses_672_698_right,33.6,34.9,26,0,0.5963976979255676,m,,,,{},/mnt/sda2/frankenmotion/outputs_amass/source_repair_sidestep_20261010_v2/motions/HDM_bk_01-01_01_120_poses_mirror_right.npy,awaiting_user_review,False,c6cc3c65a99fe74ccadd6f06561d50c812dfa35972f3b9f47d4b8a272bd611ca,/mnt/sda2/frankenmotion/outputs_amass/source_repair_sidestep_20261010_v2/cache/train_sidestep_HDM_bk_01-01_01_120_poses_672_698_right.npz,/mnt/sda2/dataset/amass/MPI_HDM05/bk/HDM_bk_01-01_01_120_poses.npz,89551a8221c7c796cce2df14a6eafa5bec24ac3322434945db45fb924d20e8a3
sidestep,train,sidestep_HDM_bk_01-01_01_120_poses_697_722_right,MPI_HDM05/bk/HDM_bk_01-01_01_120_poses,hdm05_walkLeft_script_supplement_mirrored,side step to the right without crossing the feet,walkLeft,left,right,True,supplemented_from_motion_and_script_not_official_cut_mapping,/mnt/sda2/frankenmotion/outputs_amass/source_repair_sidestep_20261010_v2/native_left_cache/train_sidestep_HDM_bk_01-01_01_120_poses_697_722_left.npz,43970fa8b6d670cbcdddb8ab2b50d220491e2d872cf42016db551a47293cf806,sidestep_HDM_bk_01-01_01_120_poses_697_722_right,34.85,36.1,25,0,0.7049673199653625,m,,,,{},/mnt/sda2/frankenmotion/outputs_amass/source_repair_sidestep_20261010_v2/motions/HDM_bk_01-01_01_120_poses_mirror_right.npy,awaiting_user_review,False,b794c9d0b3cad60d3493774915ab6c017d027f84108c0c45e381cddc91b868c6,/mnt/sda2/frankenmotion/outputs_amass/source_repair_sidestep_20261010_v2/cache/train_sidestep_HDM_bk_01-01_01_120_poses_697_722_right.npz,/mnt/sda2/dataset/amass/MPI_HDM05/bk/HDM_bk_01-01_01_120_poses.npz,89551a8221c7c796cce2df14a6eafa5bec24ac3322434945db45fb924d20e8a3
sidestep,train,sidestep_HDM_bk_01-01_01_120_poses_721_747_right,MPI_HDM05/bk/HDM_bk_01-01_01_120_poses,hdm05_walkLeft_script_supplement_mirrored,side step to the right without crossing the feet,walkLeft,left,right,True,supplemented_from_motion_and_script_not_official_cut_mapping,/mnt/sda2/frankenmotion/outputs_amass/source_repair_sidestep_20261010_v2/native_left_cache/train_sidestep_HDM_bk_01-01_01_120_poses_721_747_left.npz,e5a61b226418d9da592fa70d2efe6fa4b3d2e2a7e9772be230b4ad84f180ecb5,sidestep_HDM_bk_01-01_01_120_poses_721_747_right,36.05,37.35,26,0,0.6910377740859985,m,,,,{},/mnt/sda2/frankenmotion/outputs_amass/source_repair_sidestep_20261010_v2/motions/HDM_bk_01-01_01_120_poses_mirror_right.npy,awaiting_user_review,False,298c2631aa8d2a4c0600fae9b5bca90502988a9de840706f5477bb5b4f3406aa,/mnt/sda2/frankenmotion/outputs_amass/source_repair_sidestep_20261010_v2/cache/train_sidestep_HDM_bk_01-01_01_120_poses_721_747_right.npz,/mnt/sda2/dataset/amass/MPI_HDM05/bk/HDM_bk_01-01_01_120_poses.npz,89551a8221c7c796cce2df14a6eafa5bec24ac3322434945db45fb924d20e8a3
sidestep,train,sidestep_HDM_bk_01-01_01_120_poses_746_770_right,MPI_HDM05/bk/HDM_bk_01-01_01_120_poses,hdm05_walkLeft_script_supplement_mirrored,side step to the right without crossing the feet,walkLeft,left,right,True,supplemented_from_motion_and_script_not_official_cut_mapping,/mnt/sda2/frankenmotion/outputs_amass/source_repair_sidestep_20261010_v2/native_left_cache/train_sidestep_HDM_bk_01-01_01_120_poses_746_770_left.npz,8b67ad23058db9c9e10e205bf90990717254bb72a9a1a31ff1a99fb2dcb34ef1,sidestep_HDM_bk_01-01_01_120_poses_746_770_right,37.3,38.5,24,0,0.7153416872024536,m,,,,{},/mnt/sda2/frankenmotion/outputs_amass/source_repair_sidestep_20261010_v2/motions/HDM_bk_01-01_01_120_poses_mirror_right.npy,awaiting_user_review,False,e4b822bb55bb7b94e79ce5ff7f5a5f8b7ff7391190c811904246d37f59e102c0,/mnt/sda2/frankenmotion/outputs_amass/source_repair_sidestep_20261010_v2/cache/train_sidestep_HDM_bk_01-01_01_120_poses_746_770_right.npz,/mnt/sda2/dataset/amass/MPI_HDM05/bk/HDM_bk_01-01_01_120_poses.npz,89551a8221c7c796cce2df14a6eafa5bec24ac3322434945db45fb924d20e8a3
sidestep,train,sidestep_HDM_bk_01-01_01_120_poses_769_794_right,MPI_HDM05/bk/HDM_bk_01-01_01_120_poses,hdm05_walkLeft_script_supplement_mirrored,side step to the right without crossing the feet,walkLeft,left,right,True,supplemented_from_motion_and_script_not_official_cut_mapping,/mnt/sda2/frankenmotion/outputs_amass/source_repair_sidestep_20261010_v2/native_left_cache/train_sidestep_HDM_bk_01-01_01_120_poses_769_794_left.npz,710dc7930df4e93e31ca89d7d9a280d8d30523cfa4a8b1c3f65af4bf3e5a67b0,sidestep_HDM_bk_01-01_01_120_poses_769_794_right,38.45,39.7,25,0,0.6356101036071777,m,,,,{},/mnt/sda2/frankenmotion/outputs_amass/source_repair_sidestep_20261010_v2/motions/HDM_bk_01-01_01_120_poses_mirror_right.npy,awaiting_user_review,False,566bc363f69209376fcec974ca946378871669795ed0a3ca846b2449a1416b9a,/mnt/sda2/frankenmotion/outputs_amass/source_repair_sidestep_20261010_v2/cache/train_sidestep_HDM_bk_01-01_01_120_poses_769_794_right.npz,/mnt/sda2/dataset/amass/MPI_HDM05/bk/HDM_bk_01-01_01_120_poses.npz,89551a8221c7c796cce2df14a6eafa5bec24ac3322434945db45fb924d20e8a3
sidestep,train,sidestep_HDM_bk_01-01_02_120_poses_637_663_right,MPI_HDM05/bk/HDM_bk_01-01_02_120_poses,hdm05_walkLeft_script_supplement_mirrored,side step to the right without crossing the feet,walkLeft,left,right,True,supplemented_from_motion_and_script_not_official_cut_mapping,/mnt/sda2/frankenmotion/outputs_amass/source_repair_sidestep_20261010_v2/native_left_cache/train_sidestep_HDM_bk_01-01_02_120_poses_637_663_left.npz,48526f076b643c6ff597d68fa613a1c11801339d5b95df017acce10c12313789,sidestep_HDM_bk_01-01_02_120_poses_637_663_right,31.85,33.15,26,0,0.5989689826965332,m,,,,{},/mnt/sda2/frankenmotion/outputs_amass/source_repair_sidestep_20261010_v2/motions/HDM_bk_01-01_02_120_poses_mirror_right.npy,awaiting_user_review,False,081fc3024fab8e7511dc2b99f407e57c9375d4c49386adda4925513e89590264,/mnt/sda2/frankenmotion/outputs_amass/source_repair_sidestep_20261010_v2/cache/train_sidestep_HDM_bk_01-01_02_120_poses_637_663_right.npz,/mnt/sda2/dataset/amass/MPI_HDM05/bk/HDM_bk_01-01_02_120_poses.npz,89551a8221c7c796cce2df14a6eafa5bec24ac3322434945db45fb924d20e8a3
sidestep,train,sidestep_HDM_bk_01-01_02_120_poses_662_687_right,MPI_HDM05/bk/HDM_bk_01-01_02_120_poses,hdm05_walkLeft_script_supplement_mirrored,side step to the right without crossing the feet,walkLeft,left,right,True,supplemented_from_motion_and_script_not_official_cut_mapping,/mnt/sda2/frankenmotion/outputs_amass/source_repair_sidestep_20261010_v2/native_left_cache/train_sidestep_HDM_bk_01-01_02_120_poses_662_687_left.npz,195bdd14adaca5d36e3ac45d076d3bc82f5c4da31971c2a6c35cc9e8ebf5ff77,sidestep_HDM_bk_01-01_02_120_poses_662_687_right,33.1,34.35,25,0,0.7383813858032227,m,,,,{},/mnt/sda2/frankenmotion/outputs_amass/source_repair_sidestep_20261010_v2/motions/HDM_bk_01-01_02_120_poses_mirror_right.npy,awaiting_user_review,False,e4a86b816cf4ae282018d9acf827558ca568c0c52b6c787533c6281932ea3f69,/mnt/sda2/frankenmotion/outputs_amass/source_repair_sidestep_20261010_v2/cache/train_sidestep_HDM_bk_01-01_02_120_poses_662_687_right.npz,/mnt/sda2/dataset/amass/MPI_HDM05/bk/HDM_bk_01-01_02_120_poses.npz,89551a8221c7c796cce2df14a6eafa5bec24ac3322434945db45fb924d20e8a3
sidestep,train,sidestep_HDM_bk_01-01_02_120_poses_686_711_right,MPI_HDM05/bk/HDM_bk_01-01_02_120_poses,hdm05_walkLeft_script_supplement_mirrored,side step to the right without crossing the feet,walkLeft,left,right,True,supplemented_from_motion_and_script_not_official_cut_mapping,/mnt/sda2/frankenmotion/outputs_amass/source_repair_sidestep_20261010_v2/native_left_cache/train_sidestep_HDM_bk_01-01_02_120_poses_686_711_left.npz,0d711f7550ca931863f5070ec33542444f8f41df8eb5150aad3f490f20675e8e,sidestep_HDM_bk_01-01_02_120_poses_686_711_right,34.3,35.55,25,0,0.7588605880737305,m,,,,{},/mnt/sda2/frankenmotion/outputs_amass/source_repair_sidestep_20261010_v2/motions/HDM_bk_01-01_02_120_poses_mirror_right.npy,awaiting_user_review,False,a534aab6b60b325a6c65b52654cb1dee9714d8d6a7e066184830b7bd854812d4,/mnt/sda2/frankenmotion/outputs_amass/source_repair_sidestep_20261010_v2/cache/train_sidestep_HDM_bk_01-01_02_120_poses_686_711_right.npz,/mnt/sda2/dataset/amass/MPI_HDM05/bk/HDM_bk_01-01_02_120_poses.npz,89551a8221c7c796cce2df14a6eafa5bec24ac3322434945db45fb924d20e8a3
sidestep,train,sidestep_HDM_bk_01-01_02_120_poses_710_739_right,MPI_HDM05/bk/HDM_bk_01-01_02_120_poses,hdm05_walkLeft_script_supplement_mirrored,side step to the right without crossing the feet,walkLeft,left,right,True,supplemented_from_motion_and_script_not_official_cut_mapping,/mnt/sda2/frankenmotion/outputs_amass/source_repair_sidestep_20261010_v2/native_left_cache/train_sidestep_HDM_bk_01-01_02_120_poses_710_739_left.npz,8eb885ec04e5f0e62a179bf75ebf019d45fe97fe9e3cc83b3c5ec3c73bcbac18,sidestep_HDM_bk_01-01_02_120_poses_710_739_right,35.5,36.95,29,0,0.7123117446899414,m,,,,{},/mnt/sda2/frankenmotion/outputs_amass/source_repair_sidestep_20261010_v2/motions/HDM_bk_01-01_02_120_poses_mirror_right.npy,awaiting_user_review,False,4c859a326738f27da4d602c2aaaa2e584f676ae43a27ca55a8479379255d7d33,/mnt/sda2/frankenmotion/outputs_amass/source_repair_sidestep_20261010_v2/cache/train_sidestep_HDM_bk_01-01_02_120_poses_710_739_right.npz,/mnt/sda2/dataset/amass/MPI_HDM05/bk/HDM_bk_01-01_02_120_poses.npz,89551a8221c7c796cce2df14a6eafa5bec24ac3322434945db45fb924d20e8a3
sidestep,train,sidestep_HDM_bk_01-01_03_120_poses_635_657_right,MPI_HDM05/bk/HDM_bk_01-01_03_120_poses,hdm05_walkLeft_script_supplement_mirrored,side step to the right without crossing the feet,walkLeft,left,right,True,supplemented_from_motion_and_script_not_official_cut_mapping,/mnt/sda2/frankenmotion/outputs_amass/source_repair_sidestep_20261010_v2/native_left_cache/train_sidestep_HDM_bk_01-01_03_120_poses_635_657_left.npz,97d533c8199f58f26a47e9f56a8cba6854545ffba1ce669cbf924067a0babc71,sidestep_HDM_bk_01-01_03_120_poses_635_657_right,31.75,32.85,22,0,0.7648866176605225,m,,,,{},/mnt/sda2/frankenmotion/outputs_amass/source_repair_sidestep_20261010_v2/motions/HDM_bk_01-01_03_120_poses_mirror_right.npy,awaiting_user_review,False,38b7ba330ea6847ad60ec04ed6e35a944915970566b0c3d25cc370febc1c6ac7,/mnt/sda2/frankenmotion/outputs_amass/source_repair_sidestep_20261010_v2/cache/train_sidestep_HDM_bk_01-01_03_120_poses_635_657_right.npz,/mnt/sda2/dataset/amass/MPI_HDM05/bk/HDM_bk_01-01_03_120_poses.npz,89551a8221c7c796cce2df14a6eafa5bec24ac3322434945db45fb924d20e8a3
sidestep,train,sidestep_HDM_bk_01-01_03_120_poses_656_679_right,MPI_HDM05/bk/HDM_bk_01-01_03_120_poses,hdm05_walkLeft_script_supplement_mirrored,side step to the right without crossing the feet,walkLeft,left,right,True,supplemented_from_motion_and_script_not_official_cut_mapping,/mnt/sda2/frankenmotion/outputs_amass/source_repair_sidestep_20261010_v2/native_left_cache/train_sidestep_HDM_bk_01-01_03_120_poses_656_679_left.npz,2052763e033309bcbe23cc05346adf04716f819cb081e0f33d6051d3850994e4,sidestep_HDM_bk_01-01_03_120_poses_656_679_right,32.8,33.95,23,0,0.7063896656036377,m,,,,{},/mnt/sda2/frankenmotion/outputs_amass/source_repair_sidestep_20261010_v2/motions/HDM_bk_01-01_03_120_poses_mirror_right.npy,awaiting_user_review,False,e2c7f517482b8cceb2197618d394ecea075ffc1b5547b89171dc071ca95bd435,/mnt/sda2/frankenmotion/outputs_amass/source_repair_sidestep_20261010_v2/cache/train_sidestep_HDM_bk_01-01_03_120_poses_656_679_right.npz,/mnt/sda2/dataset/amass/MPI_HDM05/bk/HDM_bk_01-01_03_120_poses.npz,89551a8221c7c796cce2df14a6eafa5bec24ac3322434945db45fb924d20e8a3
sidestep,train,sidestep_HDM_bk_01-01_03_120_poses_678_701_right,MPI_HDM05/bk/HDM_bk_01-01_03_120_poses,hdm05_walkLeft_script_supplement_mirrored,side step to the right without crossing the feet,walkLeft,left,right,True,supplemented_from_motion_and_script_not_official_cut_mapping,/mnt/sda2/frankenmotion/outputs_amass/source_repair_sidestep_20261010_v2/native_left_cache/train_sidestep_HDM_bk_01-01_03_120_poses_678_701_left.npz,8902865c91f91b8554766863857a5bbf5679bb91a866675d91fd3c1cd21b40dc,sidestep_HDM_bk_01-01_03_120_poses_678_701_right,33.9,35.05,23,0,0.7692115306854248,m,,,,{},/mnt/sda2/frankenmotion/outputs_amass/source_repair_sidestep_20261010_v2/motions/HDM_bk_01-01_03_120_poses_mirror_right.npy,awaiting_user_review,False,04f37aa24f975379ff10d515ba52ba4207e24cb9bbb8f4c7da2c5add64cdebe4,/mnt/sda2/frankenmotion/outputs_amass/source_repair_sidestep_20261010_v2/cache/train_sidestep_HDM_bk_01-01_03_120_poses_678_701_right.npz,/mnt/sda2/dataset/amass/MPI_HDM05/bk/HDM_bk_01-01_03_120_poses.npz,89551a8221c7c796cce2df14a6eafa5bec24ac3322434945db45fb924d20e8a3
sidestep,train,sidestep_HDM_bk_01-01_03_120_poses_700_731_right,MPI_HDM05/bk/HDM_bk_01-01_03_120_poses,hdm05_walkLeft_script_supplement_mirrored,side step to the right without crossing the feet,walkLeft,left,right,True,supplemented_from_motion_and_script_not_official_cut_mapping,/mnt/sda2/frankenmotion/outputs_amass/source_repair_sidestep_20261010_v2/native_left_cache/train_sidestep_HDM_bk_01-01_03_120_poses_700_731_left.npz,3abcb0dd85956954cbb2590a79c932d72e13918181c557115903eba30c09153f,sidestep_HDM_bk_01-01_03_120_poses_700_731_right,35.0,36.55,31,0,0.8334188461303711,m,,,,{},/mnt/sda2/frankenmotion/outputs_amass/source_repair_sidestep_20261010_v2/motions/HDM_bk_01-01_03_120_poses_mirror_right.npy,awaiting_user_review,False,87073fcde9b667daec744968f9e21a82e20dc8101eb314c3c0a874a2d5a201d6,/mnt/sda2/frankenmotion/outputs_amass/source_repair_sidestep_20261010_v2/cache/train_sidestep_HDM_bk_01-01_03_120_poses_700_731_right.npz,/mnt/sda2/dataset/amass/MPI_HDM05/bk/HDM_bk_01-01_03_120_poses.npz,89551a8221c7c796cce2df14a6eafa5bec24ac3322434945db45fb924d20e8a3
sidestep,train,sidestep_HDM_dg_01-01_01_120_poses_534_558_right,MPI_HDM05/dg/HDM_dg_01-01_01_120_poses,hdm05_walkLeft_script_supplement_mirrored,side step to the right without crossing the feet,walkLeft,left,right,True,supplemented_from_motion_and_script_not_official_cut_mapping,/mnt/sda2/frankenmotion/outputs_amass/source_repair_sidestep_20261010_v2/native_left_cache/train_sidestep_HDM_dg_01-01_01_120_poses_534_558_left.npz,962bb359b2235474354f59d7210cafc0d3626bf3bb2d65da76e7ae1f5bb8e49e,sidestep_HDM_dg_01-01_01_120_poses_534_558_right,26.7,27.9,24,0,0.5967734456062317,m,,,,{},/mnt/sda2/frankenmotion/outputs_amass/source_repair_sidestep_20261010_v2/motions/HDM_dg_01-01_01_120_poses_mirror_right.npy,awaiting_user_review,False,3b964a31356ca837495932f962c90bbad0a6b02922dc094b0320a9da55e65849,/mnt/sda2/frankenmotion/outputs_amass/source_repair_sidestep_20261010_v2/cache/train_sidestep_HDM_dg_01-01_01_120_poses_534_558_right.npz,/mnt/sda2/dataset/amass/MPI_HDM05/dg/HDM_dg_01-01_01_120_poses.npz,89551a8221c7c796cce2df14a6eafa5bec24ac3322434945db45fb924d20e8a3
sidestep,train,sidestep_HDM_dg_01-01_01_120_poses_557_580_right,MPI_HDM05/dg/HDM_dg_01-01_01_120_poses,hdm05_walkLeft_script_supplement_mirrored,side step to the right without crossing the feet,walkLeft,left,right,True,supplemented_from_motion_and_script_not_official_cut_mapping,/mnt/sda2/frankenmotion/outputs_amass/source_repair_sidestep_20261010_v2/native_left_cache/train_sidestep_HDM_dg_01-01_01_120_poses_557_580_left.npz,9dc94eb6803d6b9673d80c99eafd2bf02c6d2d15b9f96dc463fb273b76964d42,sidestep_HDM_dg_01-01_01_120_poses_557_580_right,27.85,29.0,23,0,0.8023661971092224,m,,,,{},/mnt/sda2/frankenmotion/outputs_amass/source_repair_sidestep_20261010_v2/motions/HDM_dg_01-01_01_120_poses_mirror_right.npy,awaiting_user_review,False,deefa6535854b16061e34945574988e0a5c6390d35ec1f26a5e6c9bd94835351,/mnt/sda2/frankenmotion/outputs_amass/source_repair_sidestep_20261010_v2/cache/train_sidestep_HDM_dg_01-01_01_120_poses_557_580_right.npz,/mnt/sda2/dataset/amass/MPI_HDM05/dg/HDM_dg_01-01_01_120_poses.npz,89551a8221c7c796cce2df14a6eafa5bec24ac3322434945db45fb924d20e8a3
sidestep,train,sidestep_HDM_dg_01-01_01_120_poses_579_607_right,MPI_HDM05/dg/HDM_dg_01-01_01_120_poses,hdm05_walkLeft_script_supplement_mirrored,side step to the right without crossing the feet,walkLeft,left,right,True,supplemented_from_motion_and_script_not_official_cut_mapping,/mnt/sda2/frankenmotion/outputs_amass/source_repair_sidestep_20261010_v2/native_left_cache/train_sidestep_HDM_dg_01-01_01_120_poses_579_607_left.npz,a9814641df859fcfb30eda0d44f6ae38a288a0b09f1c6446f3c8c553147edc12,sidestep_HDM_dg_01-01_01_120_poses_579_607_right,28.95,30.35,28,0,0.8916011452674866,m,,,,{},/mnt/sda2/frankenmotion/outputs_amass/source_repair_sidestep_20261010_v2/motions/HDM_dg_01-01_01_120_poses_mirror_right.npy,awaiting_user_review,False,60a150f9618b89c9d3fd2ee3277deb461b434a4d9acbff1467ae6501de20d68c,/mnt/sda2/frankenmotion/outputs_amass/source_repair_sidestep_20261010_v2/cache/train_sidestep_HDM_dg_01-01_01_120_poses_579_607_right.npz,/mnt/sda2/dataset/amass/MPI_HDM05/dg/HDM_dg_01-01_01_120_poses.npz,89551a8221c7c796cce2df14a6eafa5bec24ac3322434945db45fb924d20e8a3
sidestep,train,sidestep_HDM_dg_01-01_02_120_poses_484_509_right,MPI_HDM05/dg/HDM_dg_01-01_02_120_poses,hdm05_walkLeft_script_supplement_mirrored,side step to the right without crossing the feet,walkLeft,left,right,True,supplemented_from_motion_and_script_not_official_cut_mapping,/mnt/sda2/frankenmotion/outputs_amass/source_repair_sidestep_20261010_v2/native_left_cache/train_sidestep_HDM_dg_01-01_02_120_poses_484_509_left.npz,4d77a4163057c7e6c9464515577b9d0be41f37529ccc32076bfa9f9158026db6,sidestep_HDM_dg_01-01_02_120_poses_484_509_right,24.2,25.45,25,0,0.6538832187652588,m,,,,{},/mnt/sda2/frankenmotion/outputs_amass/source_repair_sidestep_20261010_v2/motions/HDM_dg_01-01_02_120_poses_mirror_right.npy,awaiting_user_review,False,217e26fe0d2a1dbefde002c5ac0c130c7a30638e44f68b3c5d4f8adcbfd26652,/mnt/sda2/frankenmotion/outputs_amass/source_repair_sidestep_20261010_v2/cache/train_sidestep_HDM_dg_01-01_02_120_poses_484_509_right.npz,/mnt/sda2/dataset/amass/MPI_HDM05/dg/HDM_dg_01-01_02_120_poses.npz,89551a8221c7c796cce2df14a6eafa5bec24ac3322434945db45fb924d20e8a3
sidestep,train,sidestep_HDM_dg_01-01_02_120_poses_508_533_right,MPI_HDM05/dg/HDM_dg_01-01_02_120_poses,hdm05_walkLeft_script_supplement_mirrored,side step to the right without crossing the feet,walkLeft,left,right,True,supplemented_from_motion_and_script_not_official_cut_mapping,/mnt/sda2/frankenmotion/outputs_amass/source_repair_sidestep_20261010_v2/native_left_cache/train_sidestep_HDM_dg_01-01_02_120_poses_508_533_left.npz,49611f320f217d4b702b2126e4c075417f02acdc7fbecaacb000216c3c247491,sidestep_HDM_dg_01-01_02_120_poses_508_533_right,25.4,26.65,25,0,0.7418302893638611,m,,,,{},/mnt/sda2/frankenmotion/outputs_amass/source_repair_sidestep_20261010_v2/motions/HDM_dg_01-01_02_120_poses_mirror_right.npy,awaiting_user_review,False,88cd7ad728caf0ba782c6ccf42e3097b9aabba865b42cc5dafff728a852b0652,/mnt/sda2/frankenmotion/outputs_amass/source_repair_sidestep_20261010_v2/cache/train_sidestep_HDM_dg_01-01_02_120_poses_508_533_right.npz,/mnt/sda2/dataset/amass/MPI_HDM05/dg/HDM_dg_01-01_02_120_poses.npz,89551a8221c7c796cce2df14a6eafa5bec24ac3322434945db45fb924d20e8a3
sidestep,train,sidestep_HDM_dg_01-01_02_120_poses_532_561_right,MPI_HDM05/dg/HDM_dg_01-01_02_120_poses,hdm05_walkLeft_script_supplement_mirrored,side step to the right without crossing the feet,walkLeft,left,right,True,supplemented_from_motion_and_script_not_official_cut_mapping,/mnt/sda2/frankenmotion/outputs_amass/source_repair_sidestep_20261010_v2/native_left_cache/train_sidestep_HDM_dg_01-01_02_120_poses_532_561_left.npz,17a6c9f64ccc2b27eaf00bba0ecdce68d06b4c62dc52741559a95bbae8dce929,sidestep_HDM_dg_01-01_02_120_poses_532_561_right,26.6,28.05,29,0,0.816863477230072,m,,,,{},/mnt/sda2/frankenmotion/outputs_amass/source_repair_sidestep_20261010_v2/motions/HDM_dg_01-01_02_120_poses_mirror_right.npy,awaiting_user_review,False,b8db69cb674847548ffcc44729820471178da8009978d6794a5ddf5311936d65,/mnt/sda2/frankenmotion/outputs_amass/source_repair_sidestep_20261010_v2/cache/train_sidestep_HDM_dg_01-01_02_120_poses_532_561_right.npz,/mnt/sda2/dataset/amass/MPI_HDM05/dg/HDM_dg_01-01_02_120_poses.npz,89551a8221c7c796cce2df14a6eafa5bec24ac3322434945db45fb924d20e8a3
sidestep,train,sidestep_HDM_dg_01-01_03_120_poses_531_557_right,MPI_HDM05/dg/HDM_dg_01-01_03_120_poses,hdm05_walkLeft_script_supplement_mirrored,side step to the right without crossing the feet,walkLeft,left,right,True,supplemented_from_motion_and_script_not_official_cut_mapping,/mnt/sda2/frankenmotion/outputs_amass/source_repair_sidestep_20261010_v2/native_left_cache/train_sidestep_HDM_dg_01-01_03_120_poses_531_557_left.npz,096b65f305ac720690fd61e40109a2e30d97175a01d7b8fa09d9931973b7d753,sidestep_HDM_dg_01-01_03_120_poses_531_557_right,26.55,27.85,26,0,0.7335248589515686,m,,,,{},/mnt/sda2/frankenmotion/outputs_amass/source_repair_sidestep_20261010_v2/motions/HDM_dg_01-01_03_120_poses_mirror_right.npy,awaiting_user_review,False,2a2036711c979d6089d3a2e80db531fd391e3ae9ae30851fbfac71e49a08521b,/mnt/sda2/frankenmotion/outputs_amass/source_repair_sidestep_20261010_v2/cache/train_sidestep_HDM_dg_01-01_03_120_poses_531_557_right.npz,/mnt/sda2/dataset/amass/MPI_HDM05/dg/HDM_dg_01-01_03_120_poses.npz,89551a8221c7c796cce2df14a6eafa5bec24ac3322434945db45fb924d20e8a3
sidestep,train,sidestep_HDM_dg_01-01_03_120_poses_556_582_right,MPI_HDM05/dg/HDM_dg_01-01_03_120_poses,hdm05_walkLeft_script_supplement_mirrored,side step to the right without crossing the feet,walkLeft,left,right,True,supplemented_from_motion_and_script_not_official_cut_mapping,/mnt/sda2/frankenmotion/outputs_amass/source_repair_sidestep_20261010_v2/native_left_cache/train_sidestep_HDM_dg_01-01_03_120_poses_556_582_left.npz,31421985a356c769530f513bd8a28762f240787b3a617870e143cf54c6ed401c,sidestep_HDM_dg_01-01_03_120_poses_556_582_right,27.8,29.1,26,0,0.8473906517028809,m,,,,{},/mnt/sda2/frankenmotion/outputs_amass/source_repair_sidestep_20261010_v2/motions/HDM_dg_01-01_03_120_poses_mirror_right.npy,awaiting_user_review,False,62e1a3f1ce848b86b8c4e82eb37d96e4f3377bcac0db5a0411dd69b820742058,/mnt/sda2/frankenmotion/outputs_amass/source_repair_sidestep_20261010_v2/cache/train_sidestep_HDM_dg_01-01_03_120_poses_556_582_right.npz,/mnt/sda2/dataset/amass/MPI_HDM05/dg/HDM_dg_01-01_03_120_poses.npz,89551a8221c7c796cce2df14a6eafa5bec24ac3322434945db45fb924d20e8a3
sidestep,train,sidestep_HDM_dg_01-01_03_120_poses_581_612_right,MPI_HDM05/dg/HDM_dg_01-01_03_120_poses,hdm05_walkLeft_script_supplement_mirrored,side step to the right without crossing the feet,walkLeft,left,right,True,supplemented_from_motion_and_script_not_official_cut_mapping,/mnt/sda2/frankenmotion/outputs_amass/source_repair_sidestep_20261010_v2/native_left_cache/train_sidestep_HDM_dg_01-01_03_120_poses_581_612_left.npz,227029d59679fa77936195586c531a2f1cb75249fa93d6d88e9ebe39d4bbb3e0,sidestep_HDM_dg_01-01_03_120_poses_581_612_right,29.05,30.6,31,0,0.8368369936943054,m,,,,{},/mnt/sda2/frankenmotion/outputs_amass/source_repair_sidestep_20261010_v2/motions/HDM_dg_01-01_03_120_poses_mirror_right.npy,awaiting_user_review,False,2e1894f202833e7c07b22000b918ac12754102ed3dcbdc2144e1a95557351512,/mnt/sda2/frankenmotion/outputs_amass/source_repair_sidestep_20261010_v2/cache/train_sidestep_HDM_dg_01-01_03_120_poses_581_612_right.npz,/mnt/sda2/dataset/amass/MPI_HDM05/dg/HDM_dg_01-01_03_120_poses.npz,89551a8221c7c796cce2df14a6eafa5bec24ac3322434945db45fb924d20e8a3
sidestep,train,sidestep_HDM_dg_01-01_04_120_poses_509_536_right,MPI_HDM05/dg/HDM_dg_01-01_04_120_poses,hdm05_walkLeft_script_supplement_mirrored,side step to the right without crossing the feet,walkLeft,left,right,True,supplemented_from_motion_and_script_not_official_cut_mapping,/mnt/sda2/frankenmotion/outputs_amass/source_repair_sidestep_20261010_v2/native_left_cache/train_sidestep_HDM_dg_01-01_04_120_poses_509_536_left.npz,dbce1a3386e1cba313afae6c3e22518e9f9e6f91cf6e0fc6a5b444b287b2bca1,sidestep_HDM_dg_01-01_04_120_poses_509_536_right,25.45,26.8,27,0,0.819850504398346,m,,,,{},/mnt/sda2/frankenmotion/outputs_amass/source_repair_sidestep_20261010_v2/motions/HDM_dg_01-01_04_120_poses_mirror_right.npy,awaiting_user_review,False,7ccc3e5bc9fe483474b8d3282e09c5f7ee1b573025d876412b9eea35673554af,/mnt/sda2/frankenmotion/outputs_amass/source_repair_sidestep_20261010_v2/cache/train_sidestep_HDM_dg_01-01_04_120_poses_509_536_right.npz,/mnt/sda2/dataset/amass/MPI_HDM05/dg/HDM_dg_01-01_04_120_poses.npz,89551a8221c7c796cce2df14a6eafa5bec24ac3322434945db45fb924d20e8a3
sidestep,train,sidestep_HDM_dg_01-01_04_120_poses_535_560_right,MPI_HDM05/dg/HDM_dg_01-01_04_120_poses,hdm05_walkLeft_script_supplement_mirrored,side step to the right without crossing the feet,walkLeft,left,right,True,supplemented_from_motion_and_script_not_official_cut_mapping,/mnt/sda2/frankenmotion/outputs_amass/source_repair_sidestep_20261010_v2/native_left_cache/train_sidestep_HDM_dg_01-01_04_120_poses_535_560_left.npz,56aed6ee69299a446b2cf2cb9716012481ee662c4634a3c32357b89bcd8c851e,sidestep_HDM_dg_01-01_04_120_poses_535_560_right,26.75,28.0,25,0,0.9302634596824646,m,,,,{},/mnt/sda2/frankenmotion/outputs_amass/source_repair_sidestep_20261010_v2/motions/HDM_dg_01-01_04_120_poses_mirror_right.npy,awaiting_user_review,False,2adc8ada6ee49aea23b6c881e582c562d7691a1d7908e46fa5583eb83595fb0c,/mnt/sda2/frankenmotion/outputs_amass/source_repair_sidestep_20261010_v2/cache/train_sidestep_HDM_dg_01-01_04_120_poses_535_560_right.npz,/mnt/sda2/dataset/amass/MPI_HDM05/dg/HDM_dg_01-01_04_120_poses.npz,89551a8221c7c796cce2df14a6eafa5bec24ac3322434945db45fb924d20e8a3
sidestep,train,sidestep_HDM_dg_01-01_04_120_poses_559_588_right,MPI_HDM05/dg/HDM_dg_01-01_04_120_poses,hdm05_walkLeft_script_supplement_mirrored,side step to the right without crossing the feet,walkLeft,left,right,True,supplemented_from_motion_and_script_not_official_cut_mapping,/mnt/sda2/frankenmotion/outputs_amass/source_repair_sidestep_20261010_v2/native_left_cache/train_sidestep_HDM_dg_01-01_04_120_poses_559_588_left.npz,b5819ef6be2bfd196b26bd86d0d89e52352c558410d9c8e3af9e722c2ca8c290,sidestep_HDM_dg_01-01_04_120_poses_559_588_right,27.95,29.4,29,0,0.9346804618835449,m,,,,{},/mnt/sda2/frankenmotion/outputs_amass/source_repair_sidestep_20261010_v2/motions/HDM_dg_01-01_04_120_poses_mirror_right.npy,awaiting_user_review,False,d77a4dc135e2afcad21e29350f358abb9358c6d27c8fc367d8cc3bf59733a373,/mnt/sda2/frankenmotion/outputs_amass/source_repair_sidestep_20261010_v2/cache/train_sidestep_HDM_dg_01-01_04_120_poses_559_588_right.npz,/mnt/sda2/dataset/amass/MPI_HDM05/dg/HDM_dg_01-01_04_120_poses.npz,89551a8221c7c796cce2df14a6eafa5bec24ac3322434945db45fb924d20e8a3
sidestep,train,sidestep_HDM_mm_01-01_01_120_poses_538_562_right,MPI_HDM05/mm/HDM_mm_01-01_01_120_poses,hdm05_walkLeft_script_supplement_mirrored,side step to the right without crossing the feet,walkLeft,left,right,True,supplemented_from_motion_and_script_not_official_cut_mapping,/mnt/sda2/frankenmotion/outputs_amass/source_repair_sidestep_20261010_v2/native_left_cache/train_sidestep_HDM_mm_01-01_01_120_poses_538_562_left.npz,2f8a0aeb297c0818786bd4a5ad9aa83d603c88bde41f8792d658874c489f466d,sidestep_HDM_mm_01-01_01_120_poses_538_562_right,26.9,28.1,24,0,0.5528979897499084,m,,,,{},/mnt/sda2/frankenmotion/outputs_amass/source_repair_sidestep_20261010_v2/motions/HDM_mm_01-01_01_120_poses_mirror_right.npy,awaiting_user_review,False,b80cd8cfa19127ceaa0ac73aad82a37adb61bf2c1b8761380e893df11ea11830,/mnt/sda2/frankenmotion/outputs_amass/source_repair_sidestep_20261010_v2/cache/train_sidestep_HDM_mm_01-01_01_120_poses_538_562_right.npz,/mnt/sda2/dataset/amass/MPI_HDM05/mm/HDM_mm_01-01_01_120_poses.npz,89551a8221c7c796cce2df14a6eafa5bec24ac3322434945db45fb924d20e8a3
sidestep,train,sidestep_HDM_mm_01-01_01_120_poses_561_586_right,MPI_HDM05/mm/HDM_mm_01-01_01_120_poses,hdm05_walkLeft_script_supplement_mirrored,side step to the right without crossing the feet,walkLeft,left,right,True,supplemented_from_motion_and_script_not_official_cut_mapping,/mnt/sda2/frankenmotion/outputs_amass/source_repair_sidestep_20261010_v2/native_left_cache/train_sidestep_HDM_mm_01-01_01_120_poses_561_586_left.npz,5408c15e9944f13a6c8df642dc3daf36b7fbc602db671690e480799bdcf58a9f,sidestep_HDM_mm_01-01_01_120_poses_561_586_right,28.05,29.3,25,0,0.7413026690483093,m,,,,{},/mnt/sda2/frankenmotion/outputs_amass/source_repair_sidestep_20261010_v2/motions/HDM_mm_01-01_01_120_poses_mirror_right.npy,awaiting_user_review,False,5559a1f050c87b8ef8b70f2cd2de227392def959ed773522ebdbf6b2749c0c50,/mnt/sda2/frankenmotion/outputs_amass/source_repair_sidestep_20261010_v2/cache/train_sidestep_HDM_mm_01-01_01_120_poses_561_586_right.npz,/mnt/sda2/dataset/amass/MPI_HDM05/mm/HDM_mm_01-01_01_120_poses.npz,89551a8221c7c796cce2df14a6eafa5bec24ac3322434945db45fb924d20e8a3
sidestep,train,sidestep_HDM_mm_01-01_01_120_poses_585_614_right,MPI_HDM05/mm/HDM_mm_01-01_01_120_poses,hdm05_walkLeft_script_supplement_mirrored,side step to the right without crossing the feet,walkLeft,left,right,True,supplemented_from_motion_and_script_not_official_cut_mapping,/mnt/sda2/frankenmotion/outputs_amass/source_repair_sidestep_20261010_v2/native_left_cache/train_sidestep_HDM_mm_01-01_01_120_poses_585_614_left.npz,8ff36cfe9ea64399f68655668406023b6dac0814ed3982a0a14ed242f120fb79,sidestep_HDM_mm_01-01_01_120_poses_585_614_right,29.25,30.7,29,0,0.7620033621788025,m,,,,{},/mnt/sda2/frankenmotion/outputs_amass/source_repair_sidestep_20261010_v2/motions/HDM_mm_01-01_01_120_poses_mirror_right.npy,awaiting_user_review,False,4a6e2f2a03f4c97ed00930a95fa63fe6176caafd92f4e8a1f4cdba1ca21ff077,/mnt/sda2/frankenmotion/outputs_amass/source_repair_sidestep_20261010_v2/cache/train_sidestep_HDM_mm_01-01_01_120_poses_585_614_right.npz,/mnt/sda2/dataset/amass/MPI_HDM05/mm/HDM_mm_01-01_01_120_poses.npz,89551a8221c7c796cce2df14a6eafa5bec24ac3322434945db45fb924d20e8a3
sidestep,train,sidestep_HDM_tr_01-01_01_120_poses_586_613_right,MPI_HDM05/tr/HDM_tr_01-01_01_120_poses,hdm05_walkLeft_script_supplement_mirrored,side step to the right without crossing the feet,walkLeft,left,right,True,supplemented_from_motion_and_script_not_official_cut_mapping,/mnt/sda2/frankenmotion/outputs_amass/source_repair_sidestep_20261010_v2/native_left_cache/train_sidestep_HDM_tr_01-01_01_120_poses_586_613_left.npz,40e121f2a51cd3eb7971e6161e9327a2fa4861d2d27aceae61c371ddb94144a8,sidestep_HDM_tr_01-01_01_120_poses_586_613_right,29.3,30.65,27,0,0.5188236236572266,m,,,,{},/mnt/sda2/frankenmotion/outputs_amass/source_repair_sidestep_20261010_v2/motions/HDM_tr_01-01_01_120_poses_mirror_right.npy,awaiting_user_review,False,3723c59022430df8df7c34e4bd97329821f23c81b8cfd93166a3d0dec82f7e17,/mnt/sda2/frankenmotion/outputs_amass/source_repair_sidestep_20261010_v2/cache/train_sidestep_HDM_tr_01-01_01_120_poses_586_613_right.npz,/mnt/sda2/dataset/amass/MPI_HDM05/tr/HDM_tr_01-01_01_120_poses.npz,89551a8221c7c796cce2df14a6eafa5bec24ac3322434945db45fb924d20e8a3
sidestep,train,sidestep_HDM_tr_01-01_01_120_poses_612_641_right,MPI_HDM05/tr/HDM_tr_01-01_01_120_poses,hdm05_walkLeft_script_supplement_mirrored,side step to the right without crossing the feet,walkLeft,left,right,True,supplemented_from_motion_and_script_not_official_cut_mapping,/mnt/sda2/frankenmotion/outputs_amass/source_repair_sidestep_20261010_v2/native_left_cache/train_sidestep_HDM_tr_01-01_01_120_poses_612_641_left.npz,a57a07ee37e7ee6dda9d853283355d746c3f2e7c5ec9716fc35708d2b548a292,sidestep_HDM_tr_01-01_01_120_poses_612_641_right,30.6,32.05,29,0,0.679278552532196,m,,,,{},/mnt/sda2/frankenmotion/outputs_amass/source_repair_sidestep_20261010_v2/motions/HDM_tr_01-01_01_120_poses_mirror_right.npy,awaiting_user_review,False,9275486c06913b977a9032fa7a4ad05683cce3901c560738ffbed51f9cd646fe,/mnt/sda2/frankenmotion/outputs_amass/source_repair_sidestep_20261010_v2/cache/train_sidestep_HDM_tr_01-01_01_120_poses_612_641_right.npz,/mnt/sda2/dataset/amass/MPI_HDM05/tr/HDM_tr_01-01_01_120_poses.npz,89551a8221c7c796cce2df14a6eafa5bec24ac3322434945db45fb924d20e8a3
sidestep,train,sidestep_HDM_tr_01-01_01_120_poses_640_671_right,MPI_HDM05/tr/HDM_tr_01-01_01_120_poses,hdm05_walkLeft_script_supplement_mirrored,side step to the right without crossing the feet,walkLeft,left,right,True,supplemented_from_motion_and_script_not_official_cut_mapping,/mnt/sda2/frankenmotion/outputs_amass/source_repair_sidestep_20261010_v2/native_left_cache/train_sidestep_HDM_tr_01-01_01_120_poses_640_671_left.npz,0a03ed53ab0e5438a6bc25513bf981da12d97cdb77c0125b4310fe95dddb504c,sidestep_HDM_tr_01-01_01_120_poses_640_671_right,32.0,33.55,31,0,0.7122993469238281,m,,,,{},/mnt/sda2/frankenmotion/outputs_amass/source_repair_sidestep_20261010_v2/motions/HDM_tr_01-01_01_120_poses_mirror_right.npy,awaiting_user_review,False,fcca2e9f0271a1612dbe1c0e4cf86ae1c84cdf49368a3e3c2a10a72820370142,/mnt/sda2/frankenmotion/outputs_amass/source_repair_sidestep_20261010_v2/cache/train_sidestep_HDM_tr_01-01_01_120_poses_640_671_right.npz,/mnt/sda2/dataset/amass/MPI_HDM05/tr/HDM_tr_01-01_01_120_poses.npz,89551a8221c7c796cce2df14a6eafa5bec24ac3322434945db45fb924d20e8a3
sidestep,train,sidestep_HDM_tr_01-01_02_120_poses_554_579_right,MPI_HDM05/tr/HDM_tr_01-01_02_120_poses,hdm05_walkLeft_script_supplement_mirrored,side step to the right without crossing the feet,walkLeft,left,right,True,supplemented_from_motion_and_script_not_official_cut_mapping,/mnt/sda2/frankenmotion/outputs_amass/source_repair_sidestep_20261010_v2/native_left_cache/train_sidestep_HDM_tr_01-01_02_120_poses_554_579_left.npz,00ed74b71e99db03616d5676b5dbb09f4bb17950341491472d99f44bc9b5101a,sidestep_HDM_tr_01-01_02_120_poses_554_579_right,27.7,28.95,25,0,0.5049563646316528,m,,,,{},/mnt/sda2/frankenmotion/outputs_amass/source_repair_sidestep_20261010_v2/motions/HDM_tr_01-01_02_120_poses_mirror_right.npy,awaiting_user_review,False,696f8c632d39304632ea4b1ce21ea1e1b5ed7b91a196372426d15d400350e52b,/mnt/sda2/frankenmotion/outputs_amass/source_repair_sidestep_20261010_v2/cache/train_sidestep_HDM_tr_01-01_02_120_poses_554_579_right.npz,/mnt/sda2/dataset/amass/MPI_HDM05/tr/HDM_tr_01-01_02_120_poses.npz,89551a8221c7c796cce2df14a6eafa5bec24ac3322434945db45fb924d20e8a3
sidestep,train,sidestep_HDM_tr_01-01_02_120_poses_578_604_right,MPI_HDM05/tr/HDM_tr_01-01_02_120_poses,hdm05_walkLeft_script_supplement_mirrored,side step to the right without crossing the feet,walkLeft,left,right,True,supplemented_from_motion_and_script_not_official_cut_mapping,/mnt/sda2/frankenmotion/outputs_amass/source_repair_sidestep_20261010_v2/native_left_cache/train_sidestep_HDM_tr_01-01_02_120_poses_578_604_left.npz,8dd64ced29ad75dbb925798d6e9f9bae98765914d5972da7333d2710080586e0,sidestep_HDM_tr_01-01_02_120_poses_578_604_right,28.9,30.2,26,0,0.6930076479911804,m,,,,{},/mnt/sda2/frankenmotion/outputs_amass/source_repair_sidestep_20261010_v2/motions/HDM_tr_01-01_02_120_poses_mirror_right.npy,awaiting_user_review,False,c8a0dd5760b9bc1eebb019e8f27a44f6c315a319a30f1f34888be2efbfdf6fa5,/mnt/sda2/frankenmotion/outputs_amass/source_repair_sidestep_20261010_v2/cache/train_sidestep_HDM_tr_01-01_02_120_poses_578_604_right.npz,/mnt/sda2/dataset/amass/MPI_HDM05/tr/HDM_tr_01-01_02_120_poses.npz,89551a8221c7c796cce2df14a6eafa5bec24ac3322434945db45fb924d20e8a3
sidestep,train,sidestep_HDM_tr_01-01_02_120_poses_603_631_right,MPI_HDM05/tr/HDM_tr_01-01_02_120_poses,hdm05_walkLeft_script_supplement_mirrored,side step to the right without crossing the feet,walkLeft,left,right,True,supplemented_from_motion_and_script_not_official_cut_mapping,/mnt/sda2/frankenmotion/outputs_amass/source_repair_sidestep_20261010_v2/native_left_cache/train_sidestep_HDM_tr_01-01_02_120_poses_603_631_left.npz,b10f8cb605db631418b1e0127f6815c848354748fde24fa17cff90af5655f93f,sidestep_HDM_tr_01-01_02_120_poses_603_631_right,30.15,31.55,28,0,0.6713381409645081,m,,,,{},/mnt/sda2/frankenmotion/outputs_amass/source_repair_sidestep_20261010_v2/motions/HDM_tr_01-01_02_120_poses_mirror_right.npy,awaiting_user_review,False,73e4c18398eaf147ad9383a96ebc8fbe5390830bffac4120f9d9f30825626f43,/mnt/sda2/frankenmotion/outputs_amass/source_repair_sidestep_20261010_v2/cache/train_sidestep_HDM_tr_01-01_02_120_poses_603_631_right.npz,/mnt/sda2/dataset/amass/MPI_HDM05/tr/HDM_tr_01-01_02_120_poses.npz,89551a8221c7c796cce2df14a6eafa5bec24ac3322434945db45fb924d20e8a3
